<?xml version="1.0" encoding="UTF-8"?>
<metadata xml:lang="en"><Esri><CreaDate>20170612</CreaDate><CreaTime>14115100</CreaTime><ArcGISFormat>1.0</ArcGISFormat><SyncOnce>TRUE</SyncOnce><DataProperties><itemProps><itemLocation><linkage Sync="TRUE">file://\\HP-PC\E$\BAPPEPROV\SHP Per Segmen\Kelistrikan\jaringan_listrik</linkage><protocol Sync="TRUE">Local Area Network</protocol></itemLocation></itemProps><copyHistory><copy source="E:\BAPPEPROV\SHP\SHP RTRWP Jawa Timur\Rencana\Struktur\Sistem Jaringan Energi\Jaringan Listrik\jaringan_listrik" dest="\\HP-PC\E$\BAPPEPROV\SHP Per Segmen\Kelistrikan\jaringan_listrik" date="20170612" time="14115100"></copy></copyHistory><lineage><Process ToolSource="c:\program files\arcgis\desktop10.1\ArcToolbox\Toolboxes\Data Management Tools.tbx\CalculateField" Date="20170612" Time="142413">CalculateField "jaringan Transmisi" Ket [Layer] VB #</Process><Process ToolSource="c:\program files\arcgis\desktop10.1\ArcToolbox\Toolboxes\Data Management Tools.tbx\CalculateField" Date="20170613" Time="111418">CalculateField "jaringan Transmisi" Jaringan "500 kV" VB #</Process><Process ToolSource="c:\program files\arcgis\desktop10.1\ArcToolbox\Toolboxes\Data Management Tools.tbx\CalculateField" Date="20170613" Time="111534">CalculateField "jaringan Transmisi" Jaringan "500 kV" VB #</Process><Process ToolSource="c:\program files\arcgis\desktop10.1\ArcToolbox\Toolboxes\Data Management Tools.tbx\CalculateField" Date="20170613" Time="111958">CalculateField "jaringan Transmisi" Jaringan "150 kV" VB #</Process><Process ToolSource="c:\program files\arcgis\desktop10.1\ArcToolbox\Toolboxes\Data Management Tools.tbx\CalculateField" Date="20170613" Time="112624">CalculateField "jaringan Transmisi" Jaringan "150 kV" VB #</Process><Process ToolSource="c:\program files\arcgis\desktop10.1\ArcToolbox\Toolboxes\Data Management Tools.tbx\CalculateField" Date="20170613" Time="113459">CalculateField "jaringan Transmisi" Jaringan "150 kV" VB #</Process></lineage></DataProperties></Esri></metadata>
