<?xml version="1.0" encoding="UTF-8"?>
<metadata xml:lang="en"><Esri><CreaDate>20170606</CreaDate><CreaTime>09415100</CreaTime><ArcGISFormat>1.0</ArcGISFormat><SyncOnce>TRUE</SyncOnce><DataProperties><itemProps><itemLocation><linkage Sync="TRUE">file://\\HP-PC\E$\BAPPEPROV\SHP Per Segmen\Pelabuhan\Rencana Sistem Jaringan Transportasi Laut\Pelabuhan_pengumpul_eksCopy</linkage><protocol Sync="TRUE">Local Area Network</protocol></itemLocation></itemProps><copyHistory><copy source="E:\BAPPEPROV\SHP Per Segmen\Pelabuhan\Rencana Sistem Jaringan Transportasi Laut\Pelabuhan_pengumpul_eks" dest="\\HP-PC\E$\BAPPEPROV\SHP Per Segmen\Pelabuhan\Rencana Sistem Jaringan Transportasi Laut\Pelabuhan_pengumpul_eksCopy" date="20170606" time="09415100"></copy></copyHistory><lineage><Process ToolSource="c:\program files\arcgis\desktop10.1\ArcToolbox\Toolboxes\Data Management Tools.tbx\CalculateField" Date="20170606" Time="105936">CalculateField Pelabuhan_pengumpul_rencana Nama "Pelabuhan Prigi (Tambahan)" VB #</Process></lineage></DataProperties></Esri></metadata>
