<?xml version="1.0" encoding="UTF-8"?>
<metadata xml:lang="en"><Esri><CreaDate>20170606</CreaDate><CreaTime>10004900</CreaTime><ArcGISFormat>1.0</ArcGISFormat><SyncOnce>TRUE</SyncOnce><DataProperties><itemProps><itemLocation><linkage Sync="TRUE">file://\\HP-PC\E$\BAPPEPROV\SHP Per Segmen\Pelabuhan\Rencana Sistem Jaringan Transportasi Laut\Pelabuhan_pengumpan_regional_eksCopy</linkage><protocol Sync="TRUE">Local Area Network</protocol></itemLocation></itemProps><copyHistory><copy source="E:\BAPPEPROV\SHP Per Segmen\Pelabuhan\Rencana Sistem Jaringan Transportasi Laut\Pelabuhan_pengumpan_regional_eks" dest="\\HP-PC\E$\BAPPEPROV\SHP Per Segmen\Pelabuhan\Rencana Sistem Jaringan Transportasi Laut\Pelabuhan_pengumpan_regional_eksCopy" date="20170606" time="10004900"></copy></copyHistory></DataProperties></Esri></metadata>
