<?xml version="1.0" encoding="UTF-8"?>
<metadata xml:lang="en"><Esri><CreaDate>20170613</CreaDate><CreaTime>15412900</CreaTime><ArcGISFormat>1.0</ArcGISFormat><SyncOnce>TRUE</SyncOnce><DataProperties><lineage><Process ToolSource="c:\program files\arcgis\desktop10.1\ArcToolbox\Toolboxes\Data Management Tools.tbx\CalculateField" Date="20170613" Time="144931">CalculateField sumur_pengeboran_minyak_dan_gas Ket "Kabupaten Sumenep" VB #</Process></lineage><itemProps><itemLocation><linkage Sync="TRUE">file://\\HP-PC\E$\BAPPEPROV\SHP Per Segmen\Gas\sumur_pengeboran_minyak_dan_gas</linkage><protocol Sync="TRUE">Local Area Network</protocol></itemLocation></itemProps><copyHistory><copy source="E:\BAPPEPROV\SHP\SHP RTRWP Jawa Timur\Rencana\Struktur\Sistem Jaringan Energi\Jaringan Gas dan Minyak\sumur_pengeboran_minyak_dan_gas" dest="\\HP-PC\E$\BAPPEPROV\SHP Per Segmen\Gas\sumur_pengeboran_minyak_dan_gas" date="20170613" time="15412900"></copy></copyHistory></DataProperties></Esri></metadata>
