<?xml version="1.0" encoding="UTF-8"?>
<metadata xml:lang="en"><Esri><CreaDate>20170606</CreaDate><CreaTime>14130600</CreaTime><ArcGISFormat>1.0</ArcGISFormat><SyncOnce>TRUE</SyncOnce><DataProperties><itemProps><itemLocation><linkage Sync="TRUE">file://\\HP-PC\E$\BAPPEPROV\SHP Per Segmen\Bandara\Bandar_udara_pengumpul_(hub)_primerCopy</linkage><protocol Sync="TRUE">Local Area Network</protocol></itemLocation></itemProps><copyHistory><copy source="E:\BAPPEPROV\SHP Per Segmen\Bandara\Bandar_udara_pengumpul_(hub)_primer" dest="\\HP-PC\E$\BAPPEPROV\SHP Per Segmen\Bandara\Bandar_udara_pengumpul_(hub)_primerCopy" date="20170606" time="14130600"></copy></copyHistory></DataProperties></Esri></metadata>
