<?xml version="1.0" encoding="UTF-8"?>
<metadata xml:lang="en"><Esri><CreaDate>20170607</CreaDate><CreaTime>12165400</CreaTime><ArcGISFormat>1.0</ArcGISFormat><SyncOnce>TRUE</SyncOnce><DataProperties><itemProps><itemLocation><linkage Sync="TRUE">file://\\HP-PC\E$\BAPPEPROV\SHP Per Segmen\Energi\Energi_angin</linkage><protocol Sync="TRUE">Local Area Network</protocol></itemLocation></itemProps><copyHistory><copy source="E:\BAPPEPROV\SHP Per Segmen\Jaringan Jalan Bebas Hambatan\Rencana\Energi_angin" dest="\\HP-PC\E$\BAPPEPROV\SHP Per Segmen\Energi\Energi_angin" date="20170607" time="12181400"></copy></copyHistory></DataProperties></Esri></metadata>
