<?xml version="1.0" encoding="UTF-8"?>
<metadata xml:lang="en"><Esri><CreaDate>20170622</CreaDate><CreaTime>13335900</CreaTime><ArcGISFormat>1.0</ArcGISFormat><SyncOnce>FALSE</SyncOnce><DataProperties><itemProps><itemName Sync="TRUE">Pelabuhan Penyebrangan Total</itemName><imsContentType Sync="TRUE">002</imsContentType><itemSize Sync="TRUE">0.000</itemSize><itemLocation><linkage Sync="TRUE">file://\\HP-PC\E$\BAPPEPROV\SHP Per Segmen\Pelabuhan\Pelabuhan Penyebrangan Total.shp</linkage><protocol Sync="TRUE">Local Area Network</protocol></itemLocation></itemProps><coordRef><type Sync="TRUE">Projected</type><geogcsn Sync="TRUE">GCS_WGS_1984</geogcsn><csUnits Sync="TRUE">Linear Unit: Meter (1.000000)</csUnits><projcsn Sync="TRUE">WGS_1984_UTM_Zone_49S</projcsn><peXml Sync="TRUE">&lt;ProjectedCoordinateSystem xsi:type='typens:ProjectedCoordinateSystem' xmlns:xsi='http://www.w3.org/2001/XMLSchema-instance' xmlns:xs='http://www.w3.org/2001/XMLSchema' xmlns:typens='http://www.esri.com/schemas/ArcGIS/10.1'&gt;&lt;WKT&gt;PROJCS[&amp;quot;WGS_1984_UTM_Zone_49S&amp;quot;,GEOGCS[&amp;quot;GCS_WGS_1984&amp;quot;,DATUM[&amp;quot;D_WGS_1984&amp;quot;,SPHEROID[&amp;quot;WGS_1984&amp;quot;,6378137.0,298.257223563]],PRIMEM[&amp;quot;Greenwich&amp;quot;,0.0],UNIT[&amp;quot;Degree&amp;quot;,0.0174532925199433]],PROJECTION[&amp;quot;Transverse_Mercator&amp;quot;],PARAMETER[&amp;quot;False_Easting&amp;quot;,500000.0],PARAMETER[&amp;quot;False_Northing&amp;quot;,10000000.0],PARAMETER[&amp;quot;Central_Meridian&amp;quot;,111.0],PARAMETER[&amp;quot;Scale_Factor&amp;quot;,0.9996],PARAMETER[&amp;quot;Latitude_Of_Origin&amp;quot;,0.0],UNIT[&amp;quot;Meter&amp;quot;,1.0],AUTHORITY[&amp;quot;EPSG&amp;quot;,32749]]&lt;/WKT&gt;&lt;XOrigin&gt;-5120900&lt;/XOrigin&gt;&lt;YOrigin&gt;1900&lt;/YOrigin&gt;&lt;XYScale&gt;450445547.3910538&lt;/XYScale&gt;&lt;ZOrigin&gt;-100000&lt;/ZOrigin&gt;&lt;ZScale&gt;10000&lt;/ZScale&gt;&lt;MOrigin&gt;-100000&lt;/MOrigin&gt;&lt;MScale&gt;10000&lt;/MScale&gt;&lt;XYTolerance&gt;0.001&lt;/XYTolerance&gt;&lt;ZTolerance&gt;0.001&lt;/ZTolerance&gt;&lt;MTolerance&gt;0.001&lt;/MTolerance&gt;&lt;HighPrecision&gt;true&lt;/HighPrecision&gt;&lt;WKID&gt;32749&lt;/WKID&gt;&lt;LatestWKID&gt;32749&lt;/LatestWKID&gt;&lt;/ProjectedCoordinateSystem&gt;</peXml></coordRef><lineage><Process ToolSource="c:\program files\arcgis\desktop10.1\ArcToolbox\Toolboxes\Data Management Tools.tbx\Merge" Date="20170622" Time="133359">Merge 'Pelabuhan Penyebrangan\Pelabuhan_penyeberangan_Dalamkota_eks';'Pelabuhan Penyebrangan\Pelabuhan_penyeberangan_Antarkota_eks';'Pelabuhan Penyebrangan\Pelabuhan_penyeberangan_Antarprovinsi_eks';'Pelabuhan Penyebrangan\Pelabuhan_penyeberangan_Antarprovinsi_rencana';'Pelabuhan Penyebrangan\Pelabuhan_penyeberangan_Antarkota_rencana' "E:\BAPPEPROV\SHP Per Segmen\Pelabuhan\Pelabuhan Penyebrangan Total.shp" "Id "Id" true true false 6 Long 0 6 ,First,#,Pelabuhan Penyebrangan\Pelabuhan_penyeberangan_Dalamkota_eks,Id,-1,-1,Pelabuhan Penyebrangan\Pelabuhan_penyeberangan_Antarkota_eks,Id,-1,-1,Pelabuhan Penyebrangan\Pelabuhan_penyeberangan_Antarprovinsi_eks,Id,-1,-1,Pelabuhan Penyebrangan\Pelabuhan_penyeberangan_Antarprovinsi_rencana,Id,-1,-1,Pelabuhan Penyebrangan\Pelabuhan_penyeberangan_Antarkota_rencana,Id,-1,-1;Layer "Layer" true true false 100 Text 0 0 ,First,#,Pelabuhan Penyebrangan\Pelabuhan_penyeberangan_Dalamkota_eks,Layer,-1,-1,Pelabuhan Penyebrangan\Pelabuhan_penyeberangan_Antarkota_eks,Layer,-1,-1,Pelabuhan Penyebrangan\Pelabuhan_penyeberangan_Antarprovinsi_eks,Layer,-1,-1,Pelabuhan Penyebrangan\Pelabuhan_penyeberangan_Antarprovinsi_rencana,Layer,-1,-1,Pelabuhan Penyebrangan\Pelabuhan_penyeberangan_Antarkota_rencana,Layer,-1,-1;Nama "Nama" true true false 100 Text 0 0 ,First,#,Pelabuhan Penyebrangan\Pelabuhan_penyeberangan_Dalamkota_eks,Nama,-1,-1,Pelabuhan Penyebrangan\Pelabuhan_penyeberangan_Antarkota_eks,Nama,-1,-1,Pelabuhan Penyebrangan\Pelabuhan_penyeberangan_Antarprovinsi_eks,Nama,-1,-1,Pelabuhan Penyebrangan\Pelabuhan_penyeberangan_Antarprovinsi_rencana,Nama,-1,-1,Pelabuhan Penyebrangan\Pelabuhan_penyeberangan_Antarkota_rencana,Nama,-1,-1;Kabupaten "Kabupaten" true true false 50 Text 0 0 ,First,#,Pelabuhan Penyebrangan\Pelabuhan_penyeberangan_Dalamkota_eks,Kabupaten,-1,-1,Pelabuhan Penyebrangan\Pelabuhan_penyeberangan_Antarkota_eks,Kabupaten,-1,-1,Pelabuhan Penyebrangan\Pelabuhan_penyeberangan_Antarprovinsi_eks,Kabupaten,-1,-1,Pelabuhan Penyebrangan\Pelabuhan_penyeberangan_Antarprovinsi_rencana,Kabupaten,-1,-1,Pelabuhan Penyebrangan\Pelabuhan_penyeberangan_Antarkota_rencana,Kabupaten,-1,-1"</Process></lineage></DataProperties><SyncDate>20170622</SyncDate><SyncTime>13335900</SyncTime><ModDate>20170622</ModDate><ModTime>13335900</ModTime></Esri><dataIdInfo><envirDesc Sync="TRUE">Microsoft Windows 7 Version 6.1 (Build 7601) Service Pack 1; Esri ArcGIS 10.1.0.3035</envirDesc><dataLang><languageCode value="eng" Sync="TRUE"></languageCode><countryCode value="USA" Sync="TRUE"></countryCode></dataLang><idCitation><resTitle Sync="TRUE">Pelabuhan Penyebrangan Total</resTitle><presForm><PresFormCd value="005" Sync="TRUE"></PresFormCd></presForm></idCitation><spatRpType><SpatRepTypCd value="001" Sync="TRUE"></SpatRepTypCd></spatRpType></dataIdInfo><mdLang><languageCode value="eng" Sync="TRUE"></languageCode><countryCode value="USA" Sync="TRUE"></countryCode></mdLang><mdChar><CharSetCd value="004" Sync="TRUE"></CharSetCd></mdChar><distInfo><distFormat><formatName Sync="TRUE">Shapefile</formatName></distFormat><distTranOps><transSize Sync="TRUE">0.000</transSize></distTranOps></distInfo><mdHrLv><ScopeCd value="005" Sync="TRUE"></ScopeCd></mdHrLv><mdHrLvName Sync="TRUE">dataset</mdHrLvName><refSysInfo><RefSystem><refSysID><identCode code="32749" Sync="TRUE"></identCode><idCodeSpace Sync="TRUE">EPSG</idCodeSpace><idVersion Sync="TRUE">7.9.4</idVersion></refSysID></RefSystem></refSysInfo><spatRepInfo><VectSpatRep><geometObjs Name="Pelabuhan Penyebrangan Total"><geoObjTyp><GeoObjTypCd value="004" Sync="TRUE"></GeoObjTypCd></geoObjTyp><geoObjCnt Sync="TRUE">0</geoObjCnt></geometObjs><topLvl><TopoLevCd value="001" Sync="TRUE"></TopoLevCd></topLvl></VectSpatRep></spatRepInfo><spdoinfo><ptvctinf><esriterm Name="Pelabuhan Penyebrangan Total"><efeatyp Sync="TRUE">Simple</efeatyp><efeageom code="1" Sync="TRUE"></efeageom><esritopo Sync="TRUE">FALSE</esritopo><efeacnt Sync="TRUE">0</efeacnt><spindex Sync="TRUE">FALSE</spindex><linrefer Sync="TRUE">FALSE</linrefer></esriterm></ptvctinf></spdoinfo><eainfo><detailed Name="Pelabuhan Penyebrangan Total"><enttyp><enttypl Sync="TRUE">Pelabuhan Penyebrangan Total</enttypl><enttypt Sync="TRUE">Feature Class</enttypt><enttypc Sync="TRUE">0</enttypc></enttyp><attr><attrlabl Sync="TRUE">FID</attrlabl><attalias Sync="TRUE">FID</attalias><attrtype Sync="TRUE">OID</attrtype><attwidth Sync="TRUE">4</attwidth><atprecis Sync="TRUE">0</atprecis><attscale Sync="TRUE">0</attscale><attrdef Sync="TRUE">Internal feature number.</attrdef><attrdefs Sync="TRUE">Esri</attrdefs><attrdomv><udom Sync="TRUE">Sequential unique whole numbers that are automatically generated.</udom></attrdomv></attr><attr><attrlabl Sync="TRUE">Shape</attrlabl><attalias Sync="TRUE">Shape</attalias><attrtype Sync="TRUE">Geometry</attrtype><attwidth Sync="TRUE">0</attwidth><atprecis Sync="TRUE">0</atprecis><attscale Sync="TRUE">0</attscale><attrdef Sync="TRUE">Feature geometry.</attrdef><attrdefs Sync="TRUE">Esri</attrdefs><attrdomv><udom Sync="TRUE">Coordinates defining the features.</udom></attrdomv></attr><attr><attrlabl Sync="TRUE">Id</attrlabl><attalias Sync="TRUE">Id</attalias><attrtype Sync="TRUE">Integer</attrtype><attwidth Sync="TRUE">6</attwidth><atprecis Sync="TRUE">6</atprecis><attscale Sync="TRUE">0</attscale></attr><attr><attrlabl Sync="TRUE">Layer</attrlabl><attalias Sync="TRUE">Layer</attalias><attrtype Sync="TRUE">String</attrtype><attwidth Sync="TRUE">100</attwidth><atprecis Sync="TRUE">0</atprecis><attscale Sync="TRUE">0</attscale></attr><attr><attrlabl Sync="TRUE">Nama</attrlabl><attalias Sync="TRUE">Nama</attalias><attrtype Sync="TRUE">String</attrtype><attwidth Sync="TRUE">100</attwidth><atprecis Sync="TRUE">0</atprecis><attscale Sync="TRUE">0</attscale></attr><attr><attrlabl Sync="TRUE">Kabupaten</attrlabl><attalias Sync="TRUE">Kabupaten</attalias><attrtype Sync="TRUE">String</attrtype><attwidth Sync="TRUE">50</attwidth><atprecis Sync="TRUE">0</atprecis><attscale Sync="TRUE">0</attscale></attr></detailed></eainfo><mdDateSt Sync="TRUE">20170622</mdDateSt></metadata>
