<?xml version="1.0" encoding="UTF-8"?>
<metadata xml:lang="en"><Esri><CreaDate>20170606</CreaDate><CreaTime>10121900</CreaTime><ArcGISFormat>1.0</ArcGISFormat><SyncOnce>TRUE</SyncOnce><DataProperties><lineage><Process ToolSource="c:\program files\arcgis\desktop10.1\ArcToolbox\Toolboxes\Data Management Tools.tbx\CalculateField" Date="20170606" Time="101219">CalculateField Terminal_tipe_B_Rencana Nama "Terminal Sendang Biru (Tambahan)" VB #</Process><Process ToolSource="c:\program files\arcgis\desktop10.1\ArcToolbox\Toolboxes\Data Management Tools.tbx\CalculateField" Date="20170606" Time="101234">CalculateField Terminal_tipe_B_Rencana Nama "Terminal Prigi (Tambahan)" VB #</Process></lineage></DataProperties></Esri></metadata>
