<?xml version="1.0" encoding="UTF-8"?>
<metadata xml:lang="en"><Esri><CreaDate>20170606</CreaDate><CreaTime>09362200</CreaTime><ArcGISFormat>1.0</ArcGISFormat><SyncOnce>TRUE</SyncOnce><DataProperties><itemProps><itemLocation><linkage Sync="TRUE">file://\\HP-PC\E$\BAPPEPROV\SHP Per Segmen\Pelabuhan\Rencana Sistem Jaringan Transportasi Laut\Pelabuhan_utama_eksCopy</linkage><protocol Sync="TRUE">Local Area Network</protocol></itemLocation></itemProps><copyHistory><copy source="E:\BAPPEPROV\SHP Per Segmen\Pelabuhan\Rencana Sistem Jaringan Transportasi Laut\Pelabuhan_utama_eks" dest="\\HP-PC\E$\BAPPEPROV\SHP Per Segmen\Pelabuhan\Rencana Sistem Jaringan Transportasi Laut\Pelabuhan_utama_eksCopy" date="20170606" time="09362200"></copy></copyHistory><lineage><Process ToolSource="c:\program files\arcgis\desktop10.1\ArcToolbox\Toolboxes\Data Management Tools.tbx\CalculateField" Date="20170606" Time="103826">CalculateField Pelabuhan_utama_rencana Ket "Tambahan Sesuai RTRW" VB #</Process></lineage></DataProperties></Esri></metadata>
