<?xml version="1.0" encoding="UTF-8"?>
<metadata xml:lang="id"><Esri><CreaDate>20190714</CreaDate><CreaTime>18085500</CreaTime><ArcGISFormat>1.0</ArcGISFormat><SyncOnce>TRUE</SyncOnce><DataProperties><lineage><Process ToolSource="c:\program files (x86)\arcgis\desktop10.5\ArcToolbox\Toolboxes\Data Management Tools.tbx\CreateFeatureclass" Date="20190714" Time="180809">CreateFeatureclass "D:\data spasial bappeda\Publish_170310 (Non WPNK-JT)\SHP RTRW Upload\Pola Ruang\Budidaya\Kawasan Peruntukan Peternakan" ter POLYGON 14072019_122_Sentra_peternakan_ternak_kecil DISABLED DISABLED "PROJCS['WGS_1984_UTM_Zone_49S',GEOGCS['GCS_WGS_1984',DATUM['D_WGS_1984',SPHEROID['WGS_1984',6378137.0,298.257223563]],PRIMEM['Greenwich',0.0],UNIT['Degree',0.0174532925199433]],PROJECTION['Transverse_Mercator'],PARAMETER['False_Easting',500000.0],PARAMETER['False_Northing',10000000.0],PARAMETER['Central_Meridian',111.0],PARAMETER['Scale_Factor',0.9996],PARAMETER['Latitude_Of_Origin',0.0],UNIT['Meter',1.0]];-5120900 1900 10000;-100000 10000;-100000 10000;0,001;0,001;0,001;IsHighPrecision" # 0 0 0</Process></lineage></DataProperties></Esri></metadata>
