<?xml version="1.0" encoding="UTF-8"?>
<metadata xml:lang="id"><Esri><CreaDate>20180809</CreaDate><CreaTime>15043800</CreaTime><ArcGISFormat>1.0</ArcGISFormat><SyncOnce>TRUE</SyncOnce><DataProperties><lineage><Process ToolSource="c:\program files (x86)\arcgis\desktop10.4\ArcToolbox\Toolboxes\Data Management Tools.tbx\CalculateField" Date="20180725" Time="114143">CalculateField "Pertumbuhan Ekonomi\UPT_Data" IG_2014_ " [IG_2014]" VB #</Process><Process ToolSource="c:\program files (x86)\arcgis\desktop10.4\ArcToolbox\Toolboxes\Data Management Tools.tbx\CalculateField" Date="20180725" Time="114202">CalculateField "Pertumbuhan Ekonomi\UPT_Data" IG_2014_ [IG_2014] VB #</Process><Process ToolSource="c:\program files (x86)\arcgis\desktop10.4\ArcToolbox\Toolboxes\Data Management Tools.tbx\CalculateField" Date="20180725" Time="115448">CalculateField "Indeks Gini\UPT_Data" IPM_2017_ [IPM_2017] VB #</Process><Process ToolSource="c:\program files (x86)\arcgis\desktop10.4\ArcToolbox\Toolboxes\Data Management Tools.tbx\CalculateField" Date="20180725" Time="115914">CalculateField "Indeks Gini\UPT_Data" IPM_2017_ [IPM_2017] VB #</Process></lineage><itemProps><itemLocation><linkage Sync="TRUE">file://\\DESKTOP-5GLHJ8B\E$\BAPPEPROV\Lain-lain\56. Olah Data Bidang\Olah Data Bidang\Pecahan Data\UPT Data\Indeks_Gini_Tahun_2011Copy</linkage><protocol Sync="TRUE">Local Area Network</protocol></itemLocation></itemProps><copyHistory><copy source="E:\BAPPEPROV\Lain-lain\56. Olah Data Bidang\Olah Data Bidang\Pecahan Data\UPT Data\Indeks_Gini_Tahun_2011" dest="\\DESKTOP-5GLHJ8B\E$\BAPPEPROV\Lain-lain\56. Olah Data Bidang\Olah Data Bidang\Pecahan Data\UPT Data\Indeks_Gini_Tahun_2011Copy" date="20180809" time="15043800"></copy></copyHistory></DataProperties></Esri></metadata>
