<?xml version="1.0"?>
<!--<!DOCTYPE metadata SYSTEM "http://www.esri.com/metadata/esriprof80.dtd">-->
<metadata xml:lang="id"><Esri><CreaDate>20170614</CreaDate><CreaTime>10350200</CreaTime><SyncOnce>TRUE</SyncOnce><DataProperties><itemProps><itemLocation><linkage Sync="TRUE">file://\\HP-PC\E$\BAPPEPROV\SHP Per Segmen\Air bersih\Jaringan SPAM</linkage><protocol Sync="TRUE">Local Area Network</protocol></itemLocation></itemProps><copyHistory><copy source="E:\BAPPEPROV\SHP\SHP RTRWP Jawa Timur\Rencana\Struktur\Sistem Jaringan Prasarana Lainnya\Sistem Penyediaan Air Bersih dan Air Minum\Jaringan SPAM" dest="\\HP-PC\E$\BAPPEPROV\SHP Per Segmen\Air bersih\Jaringan SPAM" date="20170614" time="10350200"></copy></copyHistory><lineage><Process ToolSource="c:\program files\arcgis\desktop10.1\ArcToolbox\Toolboxes\Data Management Tools.tbx\CalculateField" Date="20170614" Time="110821">CalculateField "Jaringan SPAM" Ket "SPAM Regional PANTURA" VB #</Process><Process ToolSource="c:\program files\arcgis\desktop10.1\ArcToolbox\Toolboxes\Data Management Tools.tbx\CalculateField" Date="20170614" Time="110844">CalculateField "Jaringan SPAM" Ket "SPAM Regional Lintas Tengah" VB #</Process></lineage></DataProperties></Esri><idinfo><citation><citeinfo><onlink Sync="TRUE">\\SURYA\C$\RTRWP Jawa Timur\Rencana\Struktur\Sistem Jaringan Prasarana Lainnya\Sistem Penyediaan Air Bersih dan Air Minum\Jaringan SPAM</onlink></citeinfo></citation></idinfo><distInfo><distributor><distorTran><onLineSrc><linkage Sync="TRUE">file://\\SURYA\C$\RTRWP Jawa Timur\Rencana\Struktur\Sistem Jaringan Prasarana Lainnya\Sistem Penyediaan Air Bersih dan Air Minum\Jaringan SPAM</linkage><protocol Sync="TRUE">Local Area Network</protocol></onLineSrc></distorTran></distributor></distInfo><dataqual><lineage><procstep><procdesc Sync="TRUE">Dataset moved.</procdesc><srcused Sync="TRUE">C:\RTRWP Jawa Timur\Rencana\Struktur\Sistem Jaringan Prasarana Lainnya\Jaringan SPAM</srcused><procdate Sync="TRUE">20111205</procdate><proctime Sync="TRUE">16183200</proctime></procstep></lineage></dataqual></metadata>
