<?xml version="1.0" encoding="UTF-8"?>
<metadata xml:lang="en"><Esri><CreaDate>20170605</CreaDate><CreaTime>15193800</CreaTime><ArcGISFormat>1.0</ArcGISFormat><SyncOnce>TRUE</SyncOnce><DataProperties><lineage><Process ToolSource="c:\program files\arcgis\desktop10.1\ArcToolbox\Toolboxes\Data Management Tools.tbx\CalculateField" Date="20170605" Time="151938">CalculateField Stasiun_rencana Wilayah "Stasiun Kamal dan Stasiun Bangkalan" VB #</Process><Process ToolSource="c:\program files\arcgis\desktop10.1\ArcToolbox\Toolboxes\Data Management Tools.tbx\CalculateField" Date="20170606" Time="102617">CalculateField Stasiun_rencana Keterangan "Tambahan Sesuai RTRW" VB #</Process></lineage></DataProperties></Esri></metadata>
